{
  "81d9ccd4-9c03-493a-811e-8fad3e57bd05": {
    "AircraftName": "A-10",
    "373cc897-32d5-4e3e-84b3-96103d6cac0e": "Generic"
  },
  "982dd974-5be7-4369-90c6-bd92863632ba": {
    "AircraftName": "A318-100",
    "1d7dff42-46a5-4c47-a46c-bd39ab9cea8d": "Generic",
    "291d9656-eb0a-4608-a8dc-268ac031a448": "Infinite Flight (2015)",
    "20bcdb6b-854f-44ee-addc-b30fb5acfe05": "ACJ Livery 1",
    "3390fa9c-61f7-4c10-97c4-d0f25a526dfd": "ACJ Livery 2",
    "b6481163-3cbf-4212-9616-0bf99b6ac3c3": "ACJ Livery 3",
    "268bcb25-0236-45e7-bc24-f5dd596381a7": "ACJ Livery 4",
    "299d18dd-b248-488f-b6af-c7ef8cd426fd": "Air France",
    "6cf01d32-3c56-4007-a084-7de26b7dbe52": "British Airways",
    "d848d1bb-21fc-438a-b718-92b20b7f3e74": "Avianca",
    "c35e008f-dc07-43d6-ac07-515ea9a39271": "Tarom",
    "2c7a2ad0-3374-4d7b-b89f-2e9768bb979d": "Mexicana",
    "1ca83faa-b6c0-4fc1-84d5-6b493b8dff45": "Frontier",
    "867677a9-5b49-4f29-96b9-ff297cc0b22d": "Airbus Livery (Old)",
    "586f115e-af53-4e14-87a4-01691a495828": "Airbus Livery (New)"
  },
  "2c2f162e-a7d9-4ebd-baf4-859aed36165a": {
    "AircraftName": "A319-100",
    "91f88a09-33e4-40c8-98d7-aba1ddd53f5e": "Generic",
    "b670102a-ab45-4078-a300-ec76828322be": "Air Berlin",
    "eb2a5264-545f-474c-91a2-2e4b46665060": "Northwest Airlines",
    "06ea670c-e687-4602-9f8a-1fbd298c47f9": "Air Canada",
    "dfafc610-fbb5-45f3-8c50-c732bd59a9c9": "Air China",
    "e9b2f137-23ce-45f6-9d46-8d2328c2b347": "Air France",
    "08030201-6079-4380-80b4-1515e69de7c2": "British Airways",
    "ee772985-6f48-43cb-a7a6-fce78b58eabb": "Brussels Airlines",
    "a6c9ee9b-2ce6-493d-9490-18c77e6a8046": "Delta Airlines",
    "61c64d54-c153-406a-9132-d91ce7c7eb2f": "EasyJet",
    "75b20706-c42f-4547-bf0e-cea29f872c3c": "Lan",
    "316f0a45-b77c-4ec7-a007-2b01e0c42a9b": "Qatar Airways",
    "ca63ebb5-875a-43fa-9c14-7c742fc17076": "Tiger Air",
    "90da1e36-1102-4db7-b589-ee35ffa88820": "S7",
    "ad8472e4-2881-4160-a188-e382eae4d771": "Tunisair",
    "234cc680-63a9-4430-a441-224bdd90aa20": "Volaris",
    "daa23150-ef25-427e-8d76-6e8fa008c873": "Cebu Pacific",
    "bc9e7135-37d4-43f1-a435-9fa8ff6a6874": "Air Canada Rouge",
    "6d1982b3-36c6-406f-a5bc-2f6c5a581ba4": "Croatia Airlines",
    "c9a745c6-4b54-4b48-9ed2-c960bc19e520": "Saudia",
    "331b69b2-0951-48ee-8235-29bcbb6940de": "SilkAir",
    "0ccffb5e-1c03-46ff-8757-df3835a2b67c": "Swiss",
    "8a0a29ed-55b3-47eb-82c2-d1c30c5effe3": "TAM"
  },
  "a266b67f-03e3-4f8c-a2bb-b57cfd4b12f3": {
    "AircraftName": "A320-200",
    "7fa8785a-ccb3-4448-86fe-b4c01cf0ffe1": "Aeroflot",
    "96a61185-ef51-4b64-ae32-437feb984504": "Air Asia",
    "c08a973e-765f-499e-a881-34f077e3962c": "Air France",
    "71afacfd-db50-4e1e-95f2-4b88393b5217": "Air New Zealand",
    "9af3b872-384d-4c35-bbe7-c0e2f8bba721": "American Airlines",
    "7ae9316c-1e45-42b9-b3a2-d551602e21db": "Batik Air",
    "3fe3e367-242d-455e-9872-75d172e93f53": "DutchBird",
    "8944b457-4636-4359-b72b-e9f9999a06e6": "EasyJet",
    "43511b25-f043-4bc4-b0e5-48ed43e2f83e": "Frontier - Alberta and Clipper",
    "a3e1de30-6a73-4c09-b86b-a432dc1b5631": "Frontier - Colorado",
    "4a8b4ebc-6417-4290-b231-f8e18e63cf38": "Frontier - Hugh the Manatee",
    "43db2679-9bc2-4a3d-bc7b-8ab0a6a0a743": "Frontier - Ozzy",
    "4a77f866-db3f-4451-b493-86d292e89300": "Frontier - Sheldon",
    "99430457-aa53-407e-adbc-bfba6fc30d2c": "Generic",
    "aa8405c7-0b6f-44c8-8427-32b0f75148a8": "IndiGo",
    "124af2c6-427f-4d51-bbdf-6c3f1e19cf60": "JetBlue",
    "dad1c4c4-f580-4690-a244-e11085952d03": "JetStar",
    "912ccf1d-558d-4870-b616-3ce29e8cfa1a": "Lybian Airlines",
    "d5eb26d0-46f3-458f-aa8d-0b212c4338b3": "Lufthansa",
    "b6ec56bb-4bc1-4af4-87a1-8afb2bee0a7f": "SAS",
    "50d6d601-2aa2-4a0c-a8ed-46f74eb3358e": "Spirit",
    "4f3bbc44-2c35-4ddb-b560-9c84978ef7f8": "TAP",
    "cb98b7d4-ce2b-4993-97df-83e2dddae6af": "United Airlines",
    "dfa9602e-153f-464c-957a-db2f2946b3cf": "US Airways",
    "81ee5a23-8328-4175-ad21-d04d4ac4cacf": "Virgin America",
    "efeaa8c7-f68c-4e56-9c76-d99434147105": "Vueling",
    "cd1dadae-70a7-45f4-80b0-c166223ed1f3": "Wizz Air"
  },
  "d7434d84-555a-4d9b-93a7-53c77cf846ea": {
    "AircraftName": "A321-200",
    "09ed4e33-335c-4385-a8d6-fa076f68459d": "Generic",
    "f36ceb00-cd6c-46a9-9dc7-30721668a11f": "Air India",
    "9627685d-e466-4645-806c-4366d43d78f6": "Air Lingus",
    "9576b574-f098-4875-9f8a-5e3a21632fb2": "Alitalia",
    "8ce5dac3-bea5-4b09-957b-7e8df7ce40d1": "American Airlines",
    "fff01f28-c366-446d-a969-5e5ee267f5f6": "ANA",
    "98ae73a4-faf5-4e91-b27a-c0ce45fc26a2": "Asiana",
    "2a5ebc6c-8246-4176-a2b1-5399dd1537de": "Austrian",
    "700c1fca-c1a8-4efd-9a73-2773aa3ae46d": "Dragonair",
    "3742625a-606f-4485-9572-85d927abc607": "Etihad",
    "6a895397-9918-4e5f-b8a5-ada34263480d": "Etihad (2015)",
    "f8a4e8cd-5ba5-45b7-884d-3ba8a2d10d6b": "EVA Air",
    "ecbb8067-e81f-4815-9039-7a68ae8ca196": "Swiss",
    "8b39cf0a-3c39-4894-9949-709e28ae3c1f": "Finnair",
    "9ee16a17-5d79-4f36-954d-e0d01d840c96": "Gulf Air",
    "4bb35051-5911-4237-a57b-ede876767b8c": "Iberia",
    "80b25154-18b8-4811-af25-16a9810f0e55": "Middle East Airline",
    "5b07dffd-9f93-42af-8f48-547512c3efea": "Philippines Airlines",
    "cc6493fb-1cd7-481e-9c84-11c2f761e746": "Thomas Cook",
    "26528589-9e49-4038-b79e-8ec583c59166": "Turkish Airlines",
    "ddb6981c-1c63-4e11-a297-59cf70e81790": "VietJet Air",
    "2bc6b67f-e8af-4ac7-b2aa-54a1113d22eb": "Vietnam Airlines"
  },
  "f580ad00-b7c7-4813-9dbc-c4a8c655cc46": {
    "AircraftName": "A330-200F",
    "c9783f7c-1bd1-497d-b220-329b41abf78c": "UPS",
    "c2a3e267-112f-4e4e-86fb-1ed94200467e": "Turkish Airlines Cargo",
    "fb9d200c-563d-4e37-878a-849fc865d6bd": "Etihad Cargo"
  },
  "6af2c9f8-abd8-4872-a9bc-4e79fd84fe77": {
    "AircraftName": "A330-300",
    "39c37dae-7aa8-4e95-a0fa-85c1391b0598": "Lufthansa",
    "6bb2a9d2-2219-4251-8569-a8c8006d9140": "Cathay Pacific",
    "b6621603-2884-4611-b105-1a3db20379b4": "Swiss International Airlines",
    "0a2d4aaa-79d8-4df2-8aa0-e12dc02f2594": "Korean Airlines",
    "6f0305f2-b66a-4636-898a-82b72dfc2331": "Delta Airlines",
    "1f07d7de-e733-4287-a44d-021e3ba29f8f": "Air Canada",
    "1ae8c721-b906-4a34-8dba-a81106258047": "Scandinavian Airlines",
    "e6b8145b-adf5-4ff1-933a-04d47a64f8f2": "Aeroflot",
    "a79719a6-ff60-4a83-bf21-3a29f54dcdea": "China Airlines",
    "8089c0fd-09bb-4e2b-a4c5-7584400492f7": "Factory",
    "88cd6503-d375-493e-87e3-32fa4395b93b": "Egypt Air",
    "e8b7ddc6-69da-4874-a486-41edf278635f": "Generic"
  },
  "8b00fd70-d825-4c30-a52e-3a27a3a1a157": {
    "AircraftName": "A340-600",
    "46688f70-ce7c-4a7f-b921-e1dd14219f15": "Lufthansa",
    "1d146aef-e292-45f5-9785-3d8975d396c3": "Thai Airways",
    "316acb70-b926-4dd2-9d6f-8ce7c5c6b6f9": "South African",
    "718541c4-6e1c-4c8c-9c75-3a24836b6781": "Virgin Atlantic",
    "e20441bd-3714-4656-b931-b28387224653": "House Colors",
    "a160b70f-4375-4719-81fd-850a3cdde8dd": "Virgin Atlantic (2)",
    "62f4b3ad-536e-4d16-a581-312ca76f2354": "Etihad",
    "0d9917d1-3237-47ae-b541-accc7104aa77": "Qatar",
    "51653b24-996b-421b-9ab5-0b9fab1c0d35": "Generic"
  },
  "f11ed126-bce8-46ef-9265-69191c354575": {
    "AircraftName": "A380-800",
    "9c0ce19f-00b0-44ea-938d-8c70e4c48c7c": "Air France",
    "6cd83a20-b414-4250-bbff-fdc413bd1545": "Asiana Airlines",
    "62c77355-f439-485f-b8dd-2789a3750fed": "Korean Airlines",
    "5b45864c-d8e4-405a-95fc-6dc4332540c2": "Qantas",
    "b5f99762-08fa-473f-8877-27361bd9e91e": "Qatar",
    "19f00139-e7e5-46eb-ad77-d89539aebd24": "Singapore Airlines",
    "0b6dd5b5-4a89-42d1-86a6-bd4676f14751": "Lufthansa",
    "7684ff31-9049-434c-988c-34eaf5f1bd70": "Emirates",
    "0cb88e15-2848-4510-8f3f-3046ea3b22fa": "British Airways",
    "acaad8d8-1d47-413b-a911-0704d73c2ee4": "Thai Airways",
    "5d6b236c-ce71-4180-80a7-807b9372670e": "Malaysia Airlines",
    "2b5609fa-0d67-48c4-bc35-82db3ffce594": "Etihad",
    "58f173ca-79c5-4642-8acd-1a89295ed417": "Transaero",
    "a9b4ca42-c2ee-4587-be37-a89f2e5ebd0a": "Air Austral",
    "793768c8-82f1-4562-be0a-31c7051a8aae": "Generic"
  },
  "341820c8-ed7e-4824-9f53-f7489231fe26": {
    "AircraftName": "B717-200",
    "c4837bf8-319e-4ec9-9265-b46ea6d03cbb": "Air Tran",
    "11b432bf-2896-40ce-9e47-6e7bfd6a45f6": "AirTran (Atlanta Falcons)",
    "5dbbf756-98bb-4089-b6af-ea2bccb79fc8": "Bangkok Air",
    "3310d070-5a53-4011-8523-501965e1026b": "Blue1",
    "b37d7a32-6555-4e43-850f-5d57c86b1d29": "Delta Airlines",
    "1cdca28f-ba3c-4f15-88bd-2c0dba083915": "Hawaiian",
    "eccc326d-cbfc-4647-8446-e06e999d2fa6": "Mexicana Click",
    "05f62b14-907a-4b43-88f6-dc53df3f93a2": "Qantas Link",
    "26767476-7ca9-40f2-b608-a3bc8fa99d61": "Quantum Air",
    "0aca8d69-66a2-4f59-83ee-3f874b05c858": "Spanair",
    "8a7a372f-946f-4103-b1c4-7ce1bb7476c0": "Generic"
  },
  "2ec6f8cd-fdb9-464f-87c2-808f778fdb1d": {
    "AircraftName": "B737-700",
    "2ddb13a1-157c-4872-9f77-40cc92a4c5a7": "Generic",
    "d5abf376-3533-42cc-86c4-8f3710e0994f": "WestJet",
    "ed33652c-811b-4128-a648-185c6f8e213f": "Turkish Airlines",
    "33d40f32-783c-422c-a055-5838761c101b": "TuiFly",
    "d78fbb08-1549-4e92-b7f6-19c401369c86": "KLM",
    "34488fc3-07f5-495e-89eb-97702b3ace7a": "GOL",
    "46d5fd2a-1206-470c-8533-4deed63cc359": "AirTran",
    "3d26675a-9041-44f5-b525-778d8f2b24e6": "Air Berlin",
    "96dfdfab-ddcc-44e6-a414-f626694d01e3": "Southwest Airlines",
    "9614600e-be34-4340-b3ad-31c7c89b955e": "AeroMexico",
    "b9ce2d2d-41ad-4d73-869b-70104d468c77": "Air China",
    "030113e9-c9b9-446f-9ac9-88d20f2487a8": "Luxair",
    "927a13b5-e1ff-47b2-a823-f998afbc336d": "Southwest (2014)",
    "09f496d0-7655-403b-b633-c14eef1fb947": "Southwest - Shamu"
  },
  "898b1c59-399e-45d0-b57f-cc8400c3e2fc": {
    "AircraftName": "B737-700 BBJ",
    "169ece6a-d778-481b-867f-4ea4743b68c4": "Flying Dev. Studio (2014)",
    "beddc4f8-a6fe-4141-bf0f-c976bedc124e": "Flying Dev. Studio (2015)",
    "dc187a12-add4-4dcd-9959-9af6b2891aaf": "Generic",
    "21fa24d7-7493-4baf-9026-90f834b3eca7": "Air Force",
    "e28c8b6b-9fb1-48b3-a598-7b2c114a262c": "Private 1",
    "fc01ff1c-6da9-4f6e-9a3c-ebb6747f3f23": "Private 2",
    "fa859c66-ef04-42f7-a281-29b03f696a29": "Private 3"
  },
  "f60a537d-5f83-4b68-8f66-b5f76d1e1775": {
    "AircraftName": "B737-800",
    "02a8c821-2105-4b3d-99eb-1d8223076bb0": "Generic",
    "e0567288-665a-4285-99ea-845e92329206": "Alaska Airlines",
    "7da07d85-ac0b-42a7-a94d-91bb95bb23c2": "American Airlines",
    "b59c6ae9-803e-4d5b-afff-e4fec4a9cc6d": "Copa Airlines",
    "25ab2650-9f1f-4981-8e32-a3fe891ea8d3": "Delta Airlines",
    "4b63efe8-1188-4e39-9c14-ab23be432fde": "El Al",
    "f401871d-471e-49b9-a144-f14a09a2d71b": "Garuda Indonesia",
    "1b4b96cf-9df0-4188-994e-7d87dea49dbc": "JAL Express",
    "c6cd7560-1351-4d49-95a8-62c5c5e63509": "Malaysia Airlines",
    "714153d2-39fc-4e28-ac8f-6bf03baa93d4": "Norwegian",
    "27b2962a-4315-496a-851c-c809a95f3356": "Royal Air Maroc",
    "4444cae6-7aa9-4ca1-aea8-866cd0d4751c": "Ryanair",
    "2e6f5324-c801-4769-9101-3b15164b38aa": "Southwest Airlines",
    "4bdeab72-1849-4838-a3da-7984571e4c5f": "Thomson",
    "8c6741da-8e7d-4fff-8a5a-c0c1803c3a78": "Transavia",
    "bf8d45a0-878a-4a9b-9c2c-20c701ed652b": "Tuifly",
    "68d723ee-ad45-4b8c-acb8-468f6a6c3713": "United Airlines",
    "8684e59d-f21f-4d07-9f48-8ceaa0a3da85": "Jet2",
    "73983b9b-6fbf-4a41-8cda-5705a205d9c2": "Caribbean Airlines"
  },
  "64568366-b72c-47bd-8bf6-6fdb81b683f9": {
    "AircraftName": "B737-900",
    "1f2a3c41-e524-44e0-a16a-fc98ea892d60": "Generic",
    "3b78c0ef-9e50-4a88-a6ac-008637a092f1": "Alaska Airlines",
    "7d3b9146-9ee3-4c40-a4e4-eeb260fb7527": "Lion",
    "71d5561f-d645-4032-a067-c79a929227fe": "Korean Airlines",
    "db9788ef-23bf-4dec-876f-afdfebcf516c": "United Airlines",
    "cca1521f-d062-47c1-88cb-9a7632db19ca": "Factory",
    "990fae44-9d28-4cb0-9ad6-558c9911c131": "Ukraine International",
    "a2f22392-7af3-4344-a29b-fc8fbd44a800": "KLM",
    "b4e57453-29ed-4cff-9098-bdb81b000ccc": "Turkish Airlines",
    "ed553760-866f-41a9-bda0-33da4d0ba8b3": "Delta",
    "6b6e2aa3-3f85-42c5-8925-d4e09bae10ce": "BBJ3",
    "69d1aeb0-2560-4bc7-a4c8-a49f1dcafe6c": "Jet Airways",
    "3d3c0efd-a27e-4e48-921d-e14f8a499e27": "Aeroflot"
  },
  "e94ec915-3368-4bcc-bc78-2c5ad3cfbabb": {
    "AircraftName": "VC-25 (Air Force One)",
    "efc62084-4078-4e64-878a-ea276dae2b61": "Air Force One"
  },
  "c82da702-ea61-4399-921c-34f35f3ca5c4": {
    "AircraftName": "B747-200",
    "f2903494-41e5-4d0d-acb4-88001fb6a8e9": "Generic",
    "b5e73279-8985-41b3-b812-7585e76c67b2": "Air Canada",
    "88a4db7e-9879-43f3-ad28-a0cccb139424": "Alitalia",
    "72e4a47f-1a7b-4d19-926e-3df058aae2d6": "Iberia",
    "8ca22232-8898-41b7-bb70-251e56ce28d4": "Iran Air",
    "83597480-327d-4c5e-9d4d-f0ab297ded90": "Japan Air Lines",
    "f7afb10c-f0de-4d13-b19e-d459db06b675": "Northwest Airlines",
    "b756a9a2-9d69-42a3-bf8f-865067d6e848": "Olympic",
    "8843e889-fb91-4d8f-9b3d-a0dde5517849": "Pakistan Airlines",
    "7214f6fc-8486-4af4-a65c-be5bd5e8f91a": "PAN AM",
    "d72f9b34-d2c9-4cb9-a551-714e005e8d22": "SAS",
    "390a016b-28ca-4b96-8bca-c4f32f208e51": "South African Airways",
    "88b2b8b8-1b26-4501-ac93-0b0719d9ce1a": "KLM",
    "5fe2e9e5-4706-49c1-9282-502443401f73": "Air Portugal"
  },
  "de510d3d-04f8-46e0-8d65-55b888f33129": {
    "AircraftName": "B747-400",
    "f7f41044-fef3-4946-a715-7ad45e355e6c": "Generic",
    "c875c0e9-19c2-420d-8fb4-32c151bd797c": "Air France",
    "d0ce813d-f935-4c3e-8a80-25c4e5c9de5c": "Atlas Air",
    "a52b44dd-ad32-4b98-95ae-75dbd7c012b7": "KLM",
    "da870199-7c69-4e36-a429-5c358027cbbc": "KLM (2015)",
    "a2d31484-994f-4d79-a14e-f02b051f0996": "Asiana",
    "f197e9e6-f684-4c86-bdcb-a1a090eb09c4": "Philippines",
    "402e9952-6086-4f54-90c4-d809b35b3c90": "Lufthansa",
    "c79fb33e-a0fc-4b2d-894e-5b95527e7133": "British Airways",
    "d13fb02f-80d5-4574-8296-2d921c3b1986": "Cathay Pacific",
    "bbd9aceb-63dd-4acb-97e4-579156d02a7f": "Qantas",
    "d94d5b35-3c91-41f4-b3d2-53b5cddb9323": "United Airlines",
    "22d68e43-3921-4e78-9f86-ee547710d6ab": "Thai Airways",
    "2f95f32a-64a6-4828-a8b5-e9c2ae3c86cc": "Delta Airlines",
    "728b3068-37a7-48d6-8eb3-37ea557d1e62": "China Airlines",
    "de4f4e0f-1678-45b9-b898-99b005b394db": "Malaysia Airlines",
    "f40bd998-f933-4cb4-ac02-14fe774cd682": "Air India"
  },
  "9759c19f-8f18-40f5-80d1-03a272f98a3b": {
    "AircraftName": "B747-8",
    "91c85aae-5291-4557-8d22-5c15de9dbbc1": "Generic",
    "35662142-596c-468e-ade6-41d480e0a787": "Air Bridge Cargo",
    "eecb55e9-7afb-4511-9efa-26cb3f1858f1": "Air China",
    "da881bad-4b65-48c7-bf7e-afcffccec676": "BBJ",
    "66957431-291b-4631-a6e2-afd300cd7f08": "Boeing",
    "c411ae45-da02-4926-889e-d916b549c07d": "Boeing Freight",
    "319eff75-f177-47c6-bbcd-beb82d6d86a9": "Cargolux",
    "8fc7b30d-a63a-4a08-8dd0-15e9666b2801": "Korean",
    "13eda18c-f8ce-45b3-8a46-10e188b34618": "Lufthansa",
    "9352a1a7-5232-432b-945f-8b5576c1b074": "Nippon Cargo",
    "7ac6510b-6f2f-4705-a54d-3420f3ccbebf": "Transaero",
    "c22a0cf6-5dd8-4af7-8cf4-e0c219ef5e6d": "Infinite Flight (2015)"
  },
  "0d49ce9e-446a-4d12-b651-6983afdeeb40": {
    "AircraftName": "B747-SCA",
    "948c7d6d-b93e-44e4-8058-72e9fbccd16a": "Shuttle Carrier"
  },
  "3ee45d20-1984-4d95-a753-3696e35cdf77": {
    "AircraftName": "B747-SOFIA",
    "6321131f-ffeb-49eb-812d-03af2b4373f3": "SOFIA"
  },
  "ed29f26b-774e-471e-a23a-ecb9b6f5da74": {
    "AircraftName": "B757-200",
    "58a215e9-5486-49f5-8e54-e3fa682b00d5": "Aeromexico",
    "ba4ca998-fc8a-4369-aaa7-cb2fa7a6beef": "American Airlines",
    "029945bc-27a3-4bd2-831a-f593a809f918": "American Airlines (2013)",
    "d62e2cdd-cc21-4599-82e3-af2b029dca58": "Allegiant Air",
    "be3e90ff-0ba3-4a65-a51f-118afd4b9505": "Delta Airlines",
    "be55e8c6-7315-4317-8a49-7b694418037c": "DHL",
    "b82f9991-186a-42c2-9eb6-96aa167df54c": "Finnair",
    "96059758-e7c7-4932-ac6b-287600e96a35": "Icelandair",
    "85a55755-6316-4045-8477-f972c16acb0a": "Monarch",
    "2dda19dd-4714-4139-96f1-bcba85124dc1": "Transavia",
    "fc4ce013-23fa-4fc1-ba05-1c1766dd4a6e": "United Continental",
    "649cf469-a224-4ff0-a5e3-49156b72c399": "US Air Force",
    "5b695563-344d-4e89-8b21-db2c2a5a6291": "US Airways",
    "386c2484-a36e-4847-ba59-cdfbf0446ece": "UPS",
    "50257ed8-6872-4427-a7b4-c99ce8434e19": "Thomson Airways",
    "2e79c60e-e554-40b7-aa53-0a85186162b3": "Thomas Cook",
    "2fe35dc7-bf3a-432a-bf80-4f261b274db7": "British Airways",
    "b206a151-891e-4c28-a86e-32ae5ad6dfaa": "Star Alliance",
    "f2f2978b-1b99-45f7-b752-df85fc636f0c": "Northwest Airlines",
    "44f25778-528d-4e27-9215-0c495d12c82e": "Generic"
  },
  "3828d120-d5b9-475b-b368-a94aad264b07": {
    "AircraftName": "B767-300",
    "00782c6a-0681-450c-826e-6659e7da4032": "American Airlines",
    "bb5217fd-9505-4b1b-92e9-adb8be56ab04": "KLM",
    "778a1b8a-35ac-43a3-8556-2d7bf78c062a": "Air Canada",
    "feec78d6-5eb5-4569-810c-89d35eddf246": "British Airways",
    "f19e1cb5-b7e4-4390-bece-2edb25037612": "Delta Airlines",
    "09f74d34-d35d-428a-bc55-68a83e7b3a68": "Hawaiian Airlines",
    "f2e25c0d-d7b1-4559-9c35-bc3f097a7428": "Qantas",
    "a1bd7197-9180-41f1-b606-426a89fffd5e": "Lan Chile",
    "831564a0-6e1a-459e-92b1-399975f21cd6": "United Continental",
    "2aa5222d-a48a-4b84-9b5b-321dee653ca0": "Air France",
    "02fbbdd9-b2d3-4d36-ac77-3944ae9717cf": "United Airlines",
    "8822658b-a663-4056-88d9-fc1d8cb3b924": "Thomas Cook",
    "fd2a7f07-05f8-48e8-927f-156893ab79e4": "Generic"
  },
  "bec63a00-a483-4427-a076-0f76dba0ee97": {
    "AircraftName": "B777-200ER",
    "10605929-b9fb-4ff3-9904-602fe542d1b8": "Asiana Airlines",
    "f6dd5782-db80-4e45-8216-b2054adf63a2": "American Airlines",
    "a20ebf14-830a-4f05-b173-2dcd30c5a586": "Infinite Flight (2015)",
    "f0d39f11-4022-4eac-b8c1-bd8d39f2476f": "Alitalia",
    "9fdf113a-13cc-4b60-a82b-d7d4ce614b41": "Delta",
    "48171663-d72d-4b70-b6c7-2a74a03394a4": "Aeromexico",
    "4ed62ac9-2802-4669-823c-5b65e496565f": "Air France",
    "48030882-99e0-4572-b3d6-ed1555cc90e7": "ANA",
    "1d5a71b3-1c9b-40fd-bd41-e82a53cc3166": "British Airways",
    "5bef89a5-ab43-4751-97cf-ba8b569d7666": "Japan Airlines",
    "f5f4f137-44a5-47c8-bcc6-0abadceeb430": "Malaysia Airlines",
    "2b16e5d7-7547-440e-bd04-28b946be52c7": "United Airlines (Old)",
    "249ad181-d658-415d-86d2-a61eac3f7868": "American Airlines",
    "5a78878b-de34-45d4-809d-47d4a3fecb6f": "Thai Airways",
    "f6c94d1f-18db-4ca4-b0a0-e4f04999f77f": "Omni Air International",
    "0f6d4d00-958e-485c-9903-66ca5d3b1d42": "Generic",
    "83e3dc55-a29c-4737-a6d8-5255a442e326": "United Airlines",
    "4ccd5568-0c74-45ec-a836-74ab19b68697": "Korean Airlines"
  },
  "6925c030-a868-49cc-adc8-7025537c51ca": {
    "AircraftName": "B777-200F",
    "0ffc1641-3ab9-4b16-a701-033ab41ed08d": "Southern Air",
    "d425409e-7f32-40f6-98e1-4aa57ecca450": "FedEx",
    "833cd0f1-5b9e-4af9-bc5c-b4313164c275": "AeroLogic",
    "5ba8551e-e8bc-4021-a180-76c6a3cec21f": "TNT",
    "a7c375a0-f126-49af-bb18-72ffe13b0f87": "Emirates Cargo",
    "17b63297-e3c0-46b5-a978-17f5e3c3d1c9": "China Southern",
    "1b9586bd-c0ca-4bc3-9e1b-9664f58e396c": "Qatar Cargo",
    "11db298c-b35f-4463-99ab-8c854dc35b63": "Etihad Cargo",
    "67ff78a3-7491-49d2-aa55-3a0feb44627c": "China Cargo",
    "b9a6c94f-a524-4239-a547-98bf7187f617": "Lan Cargo",
    "657251e1-ee11-4694-94b6-a7e2e93aa195": "Generic",
    "839dfcf4-67b5-419d-8470-d67a1e1e34e7": "Air France",
    "25e33bf8-1cf6-465f-b723-2995cfe8719b": "Lufthansa",
    "89565a27-58d8-4625-9680-c144175b57c1": "Etihad (2016)",
    "f6d7598b-85ec-4d7d-ae2e-7d062462d523": "Korean Air Cargo"
  },
  "8290107b-d728-4fc3-b36e-0224c1780bac": {
    "AircraftName": "B777-200LR",
    "e0b9c8e6-523f-4407-8a45-cc4f82b54563": "Generic",
    "0ae1a881-a968-4377-af67-22338b40db2d": "Air Austral",
    "d47f2df4-2fcb-4d4a-9286-12ae8e923177": "Air Canada",
    "9b511f5a-a981-48a8-8b42-a23cda651e0b": "Air India",
    "fe0c16ec-1fe5-46fe-a056-9643773fedd0": "CEIBA International",
    "6050b8b9-bf69-47cb-93d0-555fe21bfd32": "Delta",
    "f5179960-88f1-4087-8b33-53acc3bca138": "Emirates",
    "03949eb7-ff6a-4050-aaf6-511388690990": "Ethiopian Airlines",
    "f5b60b93-9b88-4d09-981b-d54aa79a2044": "Pakistan International Airlines",
    "aafa295c-0584-4683-b880-ac87759785b8": "Qatar",
    "dcfdd54c-471b-4a49-8222-e42fc48b9443": "Turkmenistan Airlines"
  },
  "e258f6d4-4503-4dde-b25c-1fb9067061e2": {
    "AircraftName": "B777-300ER",
    "c03797bf-658c-4683-a7a1-e8dcaafaa536": "British Airways",
    "6ac4bcc9-7a0b-4c5c-af7e-8b2553b984ac": "KLM",
    "f923cd30-8685-4d6e-8c53-549e651ac2fd": "KLM Orange Pride",
    "03318dfc-6328-4e8c-8288-3a7ea69c4249": "Turkish Airlines",
    "816731e6-9ecd-4c4e-9f53-194f405a9d11": "Philippine Airlines",
    "55d89ea7-38b8-4b9e-9c2a-cfce49928bed": "China Airlines",
    "be5d316e-5511-41e8-be13-38dc9544623f": "Air France (Skyteam)",
    "df597aaf-456c-4878-9d84-45201f2aae74": "Swiss International Airlines",
    "359bc468-62d0-43a5-9084-b8b2fd451267": "Air Canada",
    "a8e1f6d4-fb79-4fc3-8e44-53a26b251e07": "Air New Zealand (All Blacks)",
    "4b041937-0596-47f7-ba6e-664e6502478a": "Air New Zealand",
    "39d0ea03-5bf5-4ab0-8651-37bfe1e07205": "American Airlines",
    "ca7f2263-9931-432a-a7db-bedb40f5ca30": "Aeroflot",
    "e8b31d95-5717-4935-a353-576484bffeb0": "Cathay Pacific",
    "7ea21653-200a-4b3d-b1e3-c986cca14929": "Emirates",
    "d28b6cd4-3fa5-4fd4-9eed-011a76b44ceb": "Etihad",
    "4f2bebb1-1fd8-444e-bf44-b42b88546a98": "Garuda",
    "d08b0e6e-6bdd-4257-bf4d-9dd5c8f4f7b7": "Qatar",
    "7bb22fe9-58e3-41e0-8e4e-9b7068e6ac3e": "Singapore Airlines",
    "6a32dbf4-a163-4b60-b872-1652c9d05fa7": "Generic",
    "7b7c4dfb-c3f5-448c-b30f-00f8e9cba1f2": "Etihad (2016)",
    "b8b3de74-07d1-428e-81e9-410224c468a0": "Qatar (One World)",
    "001b1c71-5517-419f-bad6-3defd1d24dbd": "Virgin Australia"
  },
  "61084cae-8aac-4da4-a7df-396ec6d9c870": {
    "AircraftName": "B787-10",
    "4ddfdfe0-4777-47f7-bcde-65d8d39cfe7b": "ANA",
    "e58cd012-3e91-4f51-87ed-d2523584b16a": "Air France",
    "94652613-16a5-4285-ab2e-700714c09cf5": "Boeing",
    "3ad0777a-2a57-4346-9e56-8f428c6ae893": "British Airways",
    "3c79b737-832a-4932-b7e7-7cfaa6169772": "El Al Airlines",
    "635a3906-b726-4625-a020-9eb578c6713b": "EVA",
    "f100eb35-a2c2-48a5-8e67-822edaf88355": "Etihad Airways",
    "b6974a9a-dba3-40b6-b3cc-0f987416ec1e": "Generic",
    "655dd8b9-c633-4e93-b55d-f52cbb827939": "KLM",
    "3a4884a2-f89f-4b94-b74b-d113a5353367": "Singapore Airlines",
    "a67495ce-5e3d-4b5c-bb53-bcda21d1e61d": "United Airlines"
  },
  "c1ae3647-f56a-4dc4-9007-cc8b1a2697a5": {
    "AircraftName": "B787-8",
    "fe1a992f-16ef-4dac-b100-c838e710f489": "Generic",
    "e920e3ae-59a7-41d3-ad83-cbe53267efce": "Aeromexico",
    "126d80f1-5f27-4fbd-ab07-2fa9f4ddd23c": "Air Austral",
    "e992fb45-c10b-4908-8a6f-cb1b3bb56806": "Air India",
    "a6b6dfb8-1a54-45d3-8a9a-ea336e49add0": "Avianca",
    "3d7f402d-8272-47b1-9c16-f012b4e0db50": "Azerbaijan Airlines",
    "536c7412-1341-46b7-a1ac-d479ef24bf63": "Boeing",
    "c955ea58-3084-465c-a72e-f8dae47a445b": "China Southern",
    "6b9a33bb-a8d8-491b-af79-e1b6fbdad079": "Delta",
    "eca9dc2f-b1db-4010-8cae-a5b7741c1bd2": "Ethiopian",
    "f3b11463-634f-43c0-867b-39bc991376c6": "JetStar",
    "95e854f5-598e-48a3-a118-2105f76ebc97": "LOT",
    "39295c5c-eb18-4bae-acbc-27f3d708c67e": "Oman Air",
    "a3e4e9cd-3a91-4558-ad19-91dd5e3f8e79": "Qatar Airways",
    "7d08852a-46a0-4393-80ab-cdca668e91ac": "Royal Air Maroc",
    "a352c5e2-e02a-480f-b01b-96f67ea7c261": "Royal Jordanian",
    "c3f53407-a8c2-4c04-9969-a604dd57e543": "TUI Airlines",
    "6b3344a7-15a0-4af7-831e-50ee50fbcb41": "Xiamen Air",
    "eade910a-5e64-4551-a734-0521e0fc5ed3": "Kenya Airlines",
    "ab1d4246-5e8b-46d4-8911-1ca7e9ac1c33": "Infinite Flight (2016)",
    "cd494c39-5ca5-459a-b894-b375f6eabe9f": "Thai Airways"
  },
  "0c039044-1a57-48db-99c1-7570a6bf2b00": {
    "AircraftName": "B787-9",
    "03b2e31d-2be0-4b96-9058-0e7c920de722": "Air Canada",
    "8874908d-e03a-4f39-aedd-2792103dd1f7": "Air China",
    "f4c8c41b-0e39-4c56-a984-c630f99a2a96": "Air Europa",
    "821016ad-cbeb-44c7-9a56-823732c71498": "Air New Zealand",
    "27d9aebc-a139-4671-9e0f-a8407abe8387": "Air Tahiti Nui",
    "382430d1-7485-41ca-b732-9fa8595ea054": "American Airlines",
    "29c954e2-b2c8-4784-85b9-5f8f8d4d215d": "British Airways",
    "20658961-d100-4a31-9660-ac65d95b7225": "Generic",
    "13230bd7-1f77-4005-a1f2-f0e65e5f7551": "JAL",
    "ca30b4a7-10fc-4a23-a00e-e56862db9975": "KLM",
    "82f96a77-e15e-410e-8fa8-7de5c9120abf": "LATAM",
    "9f441fd1-471a-4c10-a335-c41de3e4cca0": "Norwegian Air Shuttle",
    "8887a4aa-4043-4c29-a9a8-2d4269d5daf2": "Qantas",
    "dad996b6-3660-484d-934c-a932fc8fcf34": "Saudia Airlines",
    "9318aaee-cc1d-43c2-9acb-bebb247de74f": "Scoot",
    "47707e19-632d-4ff4-be8a-488e60f00012": "TUI Airlines",
    "e4441cbb-58df-4b4b-b9ef-81a2037d657d": "United Airlines ",
    "18857934-9d28-4479-91b2-6b5befc632a9": "Vietnam Airlines",
    "9d4be727-5538-403a-a520-abd4a8cc0cfa": "Virgin Atlantic Airways"
  },
  "2b1249c8-11d8-4fa6-9aae-a99eff451225": {
    "AircraftName": "C-17 Globemaster III",
    "d9d45dc3-c639-4d00-97aa-ad3726602129": "Generic"
  },
  "187a39c6-5964-425d-9476-369295cb44fe": {
    "AircraftName": "CRJ-200",
    "47a2acaa-d7b5-4114-bf34-7122df343723": "United Express"
  },
  "3098345e-1152-4441-96ec-40a71179a24f": {
    "AircraftName": "Dash-8 Q400",
    "46f372d8-514a-4c27-bde8-f47621e1ec8c": "Generic",
    "3915fc88-b204-434e-91c4-f8fe33839be7": "Yakutia Airlines",
    "b6f317f2-798f-4c44-b0e1-06f9040b6ea8": "Island Air",
    "bfa777c3-f67f-479a-a84e-be735ee57239": "Air Baltic",
    "9df86614-4e61-4fd5-9d6a-be2d16cf6459": "Air Berlin",
    "b7606267-d23f-4c32-ac24-7682c80f89b8": "Air Canada Jazz",
    "ba0ccb32-2d36-440d-860a-8da77f2df134": "ANA",
    "6ef12bac-2400-4df7-bd7c-29bf0285e9a8": "Austrian Airlines",
    "975d54a0-cd56-4e91-acb5-77bcf879749b": "Croatia Airlines",
    "baac6199-7b86-479a-87ce-786f529b37a0": "Ethiopian",
    "b6928ea6-c366-468e-b96f-027ef4ee4001": "Flybe",
    "5f3c7446-ab70-4c26-b4ad-291e2090d50a": "Horizon Air",
    "9c581eb5-8f03-4bbc-8c15-55533d43ad0d": "PAL Express",
    "f4cf673d-406c-44d3-b5f6-d0e6e876616f": "QantasLink",
    "c2770ccd-90c2-47ef-b004-f77afe222070": "SpiceJet",
    "43dde638-c20b-4ed4-b2a6-40ef1de9764a": "Tassili Algeria",
    "860411bc-b75a-4c2e-8582-839b0069e9e6": "WestJet Encore",
    "c5892f6c-cb8a-45e3-a088-718921dda8d6": "Flying Dev Studio (2015)",
    "7bd10b7f-601c-439b-804d-4ddfbb9ffe5a": "Lufthansa Regional",
    "6531a74a-17f0-468f-b2d0-a08272afd9c6": "United Express",
    "a660a58d-f9ef-45f9-afb6-b3bd65b37889": "Bombardier",
    "5cfb4c00-c2c5-4e5d-8509-fa9eb3ba0144": "Luxair",
    "bac6ef32-6fd7-4afe-815d-c62328a7804a": "Porter Airlines",
    "9c34beeb-586a-41f0-9ee8-af60e45b6a11": "SA Express",
    "698f5afc-e046-4ca5-af19-9c05f3eeb834": "Malev",
    "3ea65429-db58-4a36-af24-735ef1cdd4f9": "Wideroe",
    "9cb884d0-1fde-434c-a1e9-53ab4c0640e0": "Sécurité Civile"
  },
  "ef677903-f8d3-414f-a190-233b2b855d46": {
    "AircraftName": "172 Skyhawk",
    "e41c8c2a-233e-494b-a44b-7adc9c91b6b3": "Generic"
  },
  "206884f9-38a8-4118-a920-a7dcbd166c47": {
    "AircraftName": "208 Caravan",
    "cfa39265-cde2-4706-876a-d8dd576f11f3": "Generic",
    "468774db-7484-4c20-bfc4-b30e28073ac3": "Air Caraibes",
    "772dcc25-62b1-4f32-a086-f577e0e70fab": "Fly540",
    "3a6fb8b9-fb8b-4cb8-beba-c2a28bbaa615": "Gum Air",
    "50bbbaf3-8247-4217-ad28-95c69debb50e": "Kenmore Air",
    "5c961e3c-ed37-45b5-88f2-bb6180385a07": "Private 1",
    "63a5684b-8668-4748-9698-f4576c8468c8": "Private 2",
    "684c6d09-9006-42bb-bc04-4bffa2cfc245": "Sounds Air",
    "ccfa0e83-9504-41b9-9ef8-9aa96f97d564": "Westwind",
    "4a67e1c7-7e1d-4f48-ba6b-24e30d3331a7": "Zan Air",
    "4f391a71-92f2-49d8-b4f7-23e9a5547bd9": "Colombia Army",
    "bade9e53-390e-42f1-a9ff-d6479eb47ff8": "Iraqi Army",
    "0a3b5b5a-e646-42c0-9c9b-540d94715a58": "Fedex",
    "544b1ff6-b7b5-4d0f-b2e7-b658df520a20": "DHL",
    "68620987-8ec1-438b-b049-1595a4dc0ff5": "Two Taxi Aereo",
    "99913d02-8d0c-4f64-a2af-553315da9ebd": "Airnet Systems",
    "617c006e-c8ee-4faa-884f-bce08da51aad": "Castle Aviation",
    "a0af6b69-0cec-405c-9fd6-15ec74886ebd": "Mario's Air",
    "443899f2-951a-4f80-b01a-c9c1713fe1de": "Martinaire",
    "825f4565-b4b4-4b82-ae32-6018d39e11d6": "Med Airlines",
    "84b947cc-5427-4464-b837-2ec70ebea453": "Skylink Express"
  },
  "150fd3d1-1b06-431b-a889-628ae470d57b": {
    "AircraftName": "Citation X",
    "467651f3-a4f0-403a-9cc1-d734bf9c87da": "Infinite Flight",
    "646b6e49-caf5-4500-8498-fe56f50d75b0": "Livery 1",
    "ec700bb6-c6b0-4d60-a988-68e4dc78d52a": "Livery 2",
    "df537a63-a17f-464c-9597-e51767cec176": "Livery 3",
    "27acb382-2928-46a3-a545-bed8a9c9ffc6": "Livery 4",
    "0881a68f-3dfb-4cf1-b7e1-64960a25e9c9": "Livery 5",
    "610f7aa9-fb49-4d0b-8cb6-af56963edadf": "Livery 6",
    "9c0ee502-7889-450f-9f7d-bad9a8067d38": "Livery 7",
    "1cf22093-885f-4b2a-9d3c-565185fb0588": "Livery 8",
    "effdecbe-3941-461d-afe4-06fd3cca48b4": "Livery 9",
    "3357743a-61a4-4971-ae9f-8461ac89d6e8": "Generic"
  },
  "e92bc6db-a9e6-4137-a93c-a7423715b799": {
    "AircraftName": "SR22",
    "25e31904-a622-41b1-857a-4a1046cefcde": "Generic",
    "331c6fc3-3cca-4d3a-8764-ab3b37b688fe": "Livery 1",
    "176626af-4edf-4644-b653-6c52e8c759be": "Livery 2",
    "fa5be4ac-fd44-4aac-8130-3b989a36e875": "Livery 3",
    "debddb41-f3ac-4d73-8419-de887cb355d1": "Livery 4"
  },
  "dac4bb8e-6bb3-480a-a5a5-191d7d351e47": {
    "AircraftName": "ERJ-170",
    "c9a4f454-bb98-4b25-ad09-bc0df3ad16b2": "United",
    "51dd05b8-85c7-496b-96f6-649a056ff976": "Lot",
    "6421dce4-377f-4ba7-97ea-d838aff83813": "Delta",
    "aec395eb-e87d-4bf3-81c9-163fb932b712": "Generic"
  },
  "af055734-aaed-44ad-a2d0-5b9046f29d0d": {
    "AircraftName": "ERJ-175",
    "211c61be-3e52-4a19-864b-1eb68348703c": "US Airways",
    "09a66cfb-4e3c-4aa8-8426-414c4643c448": "Northwest Airlines",
    "490646cd-ae2b-4771-8086-507785d0f640": "Air Canada",
    "f4614fc0-0128-4a6e-8226-d5f53f74f456": "Generic"
  },
  "7de22dcf-91dd-4932-b225-533298873df2": {
    "AircraftName": "ERJ-190",
    "97b1b5ef-0db9-4bca-9bb5-5970ebbb83b1": "JetBlue",
    "609a665a-1d0e-4e3e-9af8-19042591d2f7": "KLM",
    "9921372e-6faa-40d9-9dfb-6580bee43022": "British Airways",
    "de1b1017-29bc-47c4-9a01-d904737ddeea": "Generic"
  },
  "dd2f3f8e-db6e-4fd5-ae7d-af8b9289c755": {
    "AircraftName": "ERJ-195",
    "503c0860-3784-4fde-aedc-6abb8352c967": "Azul",
    "e3519f25-d3ef-4688-a658-e4c326a593a9": "Air Europa",
    "95e7643c-0d0a-4621-8d6d-cf547cfc0263": "Flybe",
    "9c771cf8-8b25-4097-8091-5dbd639a202d": "Generic"
  },
  "0a3edb21-d515-4619-8392-aef51b952ac9": {
    "AircraftName": "F/A-18",
    "47445efa-42da-4779-b01e-7608628d5ba3": "Generic"
  },
  "9bbe741a-6fbe-415b-9eb1-00d45083c7a4": {
    "AircraftName": "F-14",
    "54691c60-87ea-4ac2-a19b-521fd33479a1": "Tanks/Armament",
    "0d7a8893-0f22-48f0-ba21-1b4186a03ad5": "Armament",
    "56b68986-7a53-434b-b400-c3868f6e9191": "Tanks",
    "2777a92a-f9f5-42cb-a137-29d92b254bb4": "Default"
  },
  "7bd8096f-8eae-47b9-8e1a-38dabd2c59c4": {
    "AircraftName": "F-16C",
    "45b2b723-4f9c-47c6-9353-96275c78dce3": "Generic"
  },
  "849366e1-cb11-4d72-9034-78b11cd026b0": {
    "AircraftName": "F-22",
    "a071518d-995a-4b3c-b65b-656da0d6ed86": "Generic"
  },
  "876b428a-3ee2-46cd-9d8c-2c59424dfcb5": {
    "AircraftName": "AC-130",
    "3fa84232-6e91-49a5-a2ee-47fa5cdc9497": "Default"
  },
  "7b6e1658-42ab-4fc3-81ec-706445346d46": {
    "AircraftName": "C-130H",
    "72f18800-97b8-4152-b0da-6af614cccd72": "Blue Angels Fat Albert",
    "06681547-4722-4c53-bdcf-41f485aeeaa5": "Royal Netherland Air Force",
    "7340eb5f-ea27-470b-b532-441f5cf11036": "US Navy",
    "0346d847-8a71-4ef1-98f7-9b2fdea473df": "Egypt Air Force",
    "05d1c28e-3da9-4d62-a3dd-90da1e612149": "Belgian Air Component"
  },
  "33d26fc7-ae7d-4c5d-9e0d-d6cba93d4913": {
    "AircraftName": "C-130J",
    "596303af-645e-45e3-b505-63967258cb51": "RAF",
    "8aec783c-c71d-4313-b9c9-e0ce2dcc8c9f": "USAF Moody AFB",
    "a0d40992-596f-4e62-932e-2de7fad2eb54": "USCG",
    "13abd66e-f77e-4d2a-89d1-dfdcc2ec020b": "RAF 50y Anniversary",
    "85a3a6d5-47df-495f-95fd-9c2d7078e0b8": "USAF Hurricane Hunter"
  },
  "e0e1900e-0e63-4700-b508-5e2efe120ce5": {
    "AircraftName": "C-130J-30",
    "4f87bfdb-5ca7-4242-a1c6-21d712b16d3f": "Indian Air Force",
    "60e5784c-3c9e-4fe1-9d39-668f974b102e": "Royal Air Force of Oman",
    "5c3c6a2f-9b5a-4273-9dfb-e4d33d75a8c5": "USAF Little Rock AFB",
    "baa565de-9424-40e7-9ad0-73b07dcdaea1": "Royal Danish Air Force",
    "082f5a75-f188-41f9-bf84-329a143ce7a5": "Royal Canadian Air Force"
  },
  "9769c825-0f89-4faf-abb1-9dd473321ede": {
    "AircraftName": "P-38",
    "b2beefc9-315c-4193-a5aa-d05c5cb99eab": "Miss Virginia"
  },
  "8a62f1d0-bca9-494c-bc01-1fb8b7255f76": {
    "AircraftName": "Spitfire Mk VIII",
    "8088ca94-db0c-45a7-87a9-6e6f24a4fc87": "Generic"
  },
  "8a6b323c-37f2-4b87-ae22-81ee637e07ae": {
    "AircraftName": "Super Decathlon",
    "d4929958-a517-4a6e-aa30-869005f31a87": "Generic"
  },
  "693c3fab-307d-4467-aa40-0a4d569841a9": {
    "AircraftName": "DC-10",
    "33458643-bc06-4423-ba37-5cbee16a1b6b": "Air France",
    "407757d7-5a8b-4dd8-859a-f51e9801c87a": "Air New Zeland",
    "0431b6a4-2c00-475a-8a9f-7ecc90ad72f7": "Avensa",
    "d042d444-bfb1-4878-95e1-13067dc5a62c": "British Airways",
    "c23815db-d9c5-4059-99de-e663803eea06": "Canadian Airlines International",
    "3663e3bf-7286-46e2-b869-4b1e1f2c99db": "Condor",
    "95770e58-769a-4b07-b382-abb3efde5da3": "Continental Airlines",
    "4f781f83-cc1f-45fc-958d-5fae07e72b64": "Generic",
    "a5745af6-ea0e-402f-80c5-fac35783420c": "Monarch Airlines",
    "870ec5dd-1152-4d99-a398-8578ee4af99d": "National Airlines",
    "3b711c68-280a-469a-98a2-54595192aca4": "Northwest Airlines",
    "cf637540-e775-40b8-a2d0-28807ab75583": "Omni Air International",
    "4261d0b6-a0a5-4a09-b583-e8cc3b605a2e": "Pakistan International Airlines",
    "d8f3fd4f-1766-4980-bda2-c4608ac7e93d": "Singapore Airlines"
  },
  "e59fa7b4-b708-4480-aebd-26659a4f312b": {
    "AircraftName": "DC-10F",
    "a1cc0a72-39a9-488a-80e1-ca3c6460673d": "10 Air Tanker Carrier",
    "c245a1e6-2619-4b05-b200-7f5c27cad98c": "Arrow Air",
    "8adca00c-46c6-45af-85a0-dc5dadb2de03": "Avient",
    "2c9e7c94-ecc5-48f7-a2c1-c5e31b1dffc9": "DAS Air Cargo",
    "e281cd76-dff2-4ca9-8e54-93539a727650": "Enermy Worldwide",
    "4f62a437-cc2e-4a97-901f-9c12a2c1ad17": "Fedex",
    "1d22a74a-9085-4de6-a844-f9989cdb0bb1": "Gemini Air Cargo",
    "e5e45b80-5496-43a6-aeda-8ded9bee3286": "Generic",
    "d8ed15e3-522d-44c8-9324-42d93961d726": "KC-10 Extender USAF",
    "9508c65e-2992-4759-b382-3c0e75c24923": "KDC-10 Royal Netherlands Air Force",
    "d4ede23f-6ac0-4d18-bd1d-37c1871c3791": "Kelowna Flightcraft Air Charter",
    "0e93fcc8-f9e6-46e8-8189-7eb899cc591b": "Solar Cargo"
  },
  "b1e726b0-be58-4a9b-88e5-e40bc40a1f9a": {
    "AircraftName": "MD-11",
    "2b831377-5c3e-4854-818b-00aa9b15cde1": "Alitalia",
    "9dadabe8-4cc5-4943-aff8-93150e1f8e1e": "American Airlines",
    "7935b030-3496-4e43-bcc1-711332cef69d": "China Airlines",
    "967d052e-0380-4bed-83ac-21103af4b288": "Delta Airlines",
    "5be48866-b118-4970-ab90-7cc37a2d31d6": "Garuda Indenosia",
    "d46f09cf-dc10-4eeb-a7c9-f6d0d9248e4e": "Generic",
    "c097f219-f054-4b56-939e-44182ec3f1a6": "Infinite Flight (Classic)",
    "26f624fc-c688-4f65-9a0c-48e54c2edc33": "Japan Airlines",
    "f33661b4-4917-4712-adc7-170df885d592": "KLM",
    "035e5536-708b-4949-bb57-afce2a17f067": "Malaysia Airlines",
    "a31b32c7-3c5e-4085-9451-9f5c1765caf1": "Philippine Airlines",
    "622f9a71-f78f-4682-83b1-5471df2dba60": "Private",
    "7ceb8d50-446a-4159-b54c-305348caad60": "Swiss",
    "68ec63be-5e72-4a22-a0a2-c06fde412b81": "Thai International Airways"
  },
  "3f78766a-30c8-4d65-95ae-ebc2fb758aac": {
    "AircraftName": "MD-11F",
    "bc979e7b-957e-4f75-bed8-cb7334671693": "Aeroflot Cargo",
    "291750c3-82fd-4406-99a2-3b01572e762f": "Centurion Air Cargo",
    "256df05e-c0b8-41b2-81a5-ed27c72f450b": "Ethiopian Airlines",
    "f7a85def-8298-45dc-a954-d0b9d4043cd8": "Fedex",
    "49d08a50-3179-422a-b33a-a7c91628de75": "Generic",
    "7bbe5ebf-e369-4d8f-81f5-d9931e82ca7a": "Lufthansa Cargo",
    "eeda026b-d60e-4930-9aba-fcd8b754dd3d": "Martinair Cargo",
    "5f025448-0483-4d74-b5de-91f5054e4e01": "Saudia",
    "541c7f4c-e0ab-4ad8-81a7-45c3127a2194": "UPS",
    "b6c4c11d-5e82-4ddc-a925-17a2e63d6964": "VARIG LOG",
    "74f624d7-e1f6-477a-8d85-1d099a5108ca": "World Airways"
  }
}